timestamp,service,event,severity
2026-06-01 09:10,CustomerDB,CPU Spike,Medium
2026-06-01 09:15,CustomerDB,High Query Volume,High
2026-06-01 09:25,Deployment-Service,Production Deployment,Medium
2026-06-01 09:28,API-Gateway,Traffic Surge,High
2026-06-01 08:00,CustomerDB,CPU Spike,High
2026-06-01 08:12,API-Gateway,CPU Normal,Low
2026-06-01 08:24,Deployment-Service,Memory Alert,Medium
2026-06-01 08:36,Payment-Service,Memory Spike,High
2026-06-01 08:48,Auth-Service,High Query Volume,Low
2026-06-01 09:00,Notification-Service,Traffic Surge,Low
2026-06-01 09:12,Queue-Worker-01,API Timeout,High
2026-06-01 09:24,CustomerDB,Disk Space Alert,Medium
2026-06-01 09:36,API-Gateway,CPU Spike,Medium
2026-06-01 09:48,Deployment-Service,CPU Normal,Low
2026-06-01 10:00,Payment-Service,Memory Alert,Medium
2026-06-01 10:12,Auth-Service,Memory Spike,Medium
2026-06-01 10:24,Notification-Service,High Query Volume,Low
2026-06-01 10:36,Queue-Worker-01,Traffic Surge,Low
2026-06-01 10:48,CustomerDB,API Timeout,High
2026-06-01 11:00,API-Gateway,Disk Space Alert,High
2026-06-01 11:12,Deployment-Service,CPU Spike,Medium
2026-06-01 11:24,Payment-Service,CPU Normal,Low
2026-06-01 11:36,Auth-Service,Memory Alert,High
2026-06-01 11:48,Notification-Service,Memory Spike,Medium
2026-06-01 12:00,Queue-Worker-01,High Query Volume,Low
2026-06-01 12:12,CustomerDB,Traffic Surge,Low
2026-06-01 12:24,API-Gateway,API Timeout,High
2026-06-01 12:36,Deployment-Service,Disk Space Alert,Medium
2026-06-01 12:48,Payment-Service,CPU Spike,High
2026-06-01 13:00,Auth-Service,CPU Normal,Low
2026-06-01 13:12,Notification-Service,Memory Alert,Medium
2026-06-01 13:24,Queue-Worker-01,Memory Spike,High
2026-06-01 13:36,CustomerDB,High Query Volume,Low
2026-06-01 13:48,API-Gateway,Traffic Surge,Low
2026-06-01 14:00,Deployment-Service,API Timeout,High
2026-06-01 14:12,Payment-Service,Disk Space Alert,Medium
2026-06-01 14:24,Auth-Service,CPU Spike,Medium
2026-06-01 14:36,Notification-Service,CPU Normal,Low
2026-06-01 14:48,Queue-Worker-01,Memory Alert,Medium
2026-06-01 15:00,CustomerDB,Memory Spike,Medium
2026-06-01 15:12,API-Gateway,High Query Volume,Low
2026-06-01 15:24,Deployment-Service,Traffic Surge,Low
2026-06-01 15:36,Payment-Service,API Timeout,High
2026-06-01 15:48,Auth-Service,Disk Space Alert,High
